site,prov,provenance,ID_tag,seedlot,Lat, long, elev, period,MAT,MWMT,MCMT,TD,MAP,MSP,AHM,SHM,DD_0,DD5,DD_18,DD18,NFFD,bFFP,eFFP,FFP,PAS,EMT,EXT,Eref,CMD,MAR,RH,CMI,DD1040,Tmax_wt,Tmax_sp,Tmax_sm,Tmax_at,Tmin_wt,Tmin_sp,Tmin_sm,Tmin_at,Tave_wt,Tave_sp,Tave_sm,Tave_at,PPT_wt,PPT_sp,PPT_sm,PPT_at,Rad_wt,Rad_sp,Rad_sm,Rad_at,DD_0_wt,DD_0_sp,DD_0_sm,DD_0_at,DD5_wt,DD5_sp,DD5_sm,DD5_at,DD_18_wt,DD_18_sp,DD_18_sm,DD_18_at,DD18_wt,DD18_sp,DD18_sm,DD18_at,NFFD_wt,NFFD_sp,NFFD_sm,NFFD_at,PAS_wt,PAS_sp,PAS_sm,PAS_at,Eref_wt,Eref_sp,Eref_sm,Eref_at,CMD_wt,CMD_sp,CMD_sm,CMD_at,RH_wt,RH_sp,RH_sm,RH_at,CMI_wt,CMI_sp,CMI_sm,CMI_at,Tmax_01,Tmax_02,Tmax_03,Tmax_04,Tmax_05,Tmax_06,Tmax_07,Tmax_08,Tmax_09,Tmax_10,Tmax_11,Tmax_12,Tmin_01,Tmin_02,Tmin_03,Tmin_04,Tmin_05,Tmin_06,Tmin_07,Tmin_08,Tmin_09,Tmin_10,Tmin_11,Tmin_12,Tave_01,Tave_02,Tave_03,Tave_04,Tave_05,Tave_06,Tave_07,Tave_08,Tave_09,Tave_10,Tave_11,Tave_12,Prec_01,Prec_02,Prec_03,Prec_04,Prec_05,Prec_06,Prec_07,Prec_08,Prec_09,Prec_10,Prec_11,Prec_12,Rad_01,Rad_02,Rad_03,Rad_04,Rad_05,Rad_06,Rad_07,Rad_08,Rad_09,Rad_10,Rad_11,Rad_12,DD_0_01,DD_0_02,DD_0_03,DD_0_04,DD_0_05,DD_0_06,DD_0_07,DD_0_08,DD_0_09,DD_0_10,DD_0_11,DD_0_12,DD5_01,DD5_02,DD5_03,DD5_04,DD5_05,DD5_06,DD5_07,DD5_08,DD5_09,DD5_10,DD5_11,DD5_12,DD_18_01,DD_18_02,DD_18_03,DD_18_04,DD_18_05,DD_18_06,DD_18_07,DD_18_08,DD_18_09,DD_18_10,DD_18_11,DD_18_12,DD18_01,DD18_02,DD18_03,DD18_04,DD18_05,DD18_06,DD18_07,DD18_08,DD18_09,DD18_10,DD18_11,DD18_12,NFFD_01,NFFD_02,NFFD_03,NFFD_04,NFFD_05,NFFD_06,NFFD_07,NFFD_08,NFFD_09,NFFD_10,NFFD_11,NFFD_12,PAS_01,PAS_02,PAS_03,PAS_04,PAS_05,PAS_06,PAS_07,PAS_08,PAS_09,PAS_10,PAS_11,PAS_12,Eref_01,Eref_02,Eref_03,Eref_04,Eref_05,Eref_06,Eref_07,Eref_08,Eref_09,Eref_10,Eref_11,Eref_12,CMD_01,CMD_02,CMD_03,CMD_04,CMD_05,CMD_06,CMD_07,CMD_08,CMD_09,CMD_10,CMD_11,CMD_12,RH_01,RH_02,RH_03,RH_04,RH_05,RH_06,RH_07,RH_08,RH_09,RH_10,RH_11,RH_12,CMI_01,CMI_02,CMI_03,CMI_04,CMI_05,CMI_06,CMI_07,CMI_08,CMI_09,CMI_10,CMI_11,CMI_12
Alex Fraser,Alex Fraser Fd A,Alex Fraser A class Fd,63201_Fd_A,63201,52.8106,-122.2181,852,Normal_1981_2010.nrm,4.2,15.5,-7.2,22.7,522,261,27.1,59.7,836,1272,5052,34,163,149,256,107,159,-38.2,34,569,256,11.5,60,3.16,523,-1.7,11,21.4,9.1,-10.9,-2,7.5,-1.2,-6.3,4.5,14.5,4,117,93,171,141,3.6,15.3,20.1,7.1,621,85,0,129,2,186,872,212,2184,1248,341,1280,0,4,26,4,2,32,90,39,100,22,1,36,0,153,333,83,0,84,162,10,62,56,58,65,11.6,-1.56,-11.19,4.3,-2.6,0.7,5.6,11,16.3,19.7,22.6,22.1,16.8,9.2,1.2,-3.1,-11.6,-9.8,-6.4,-2.2,2.5,6.4,8.5,7.7,3.6,-0.8,-6.3,-11.3,-7.1,-4.6,-0.4,4.4,9.4,13,15.5,14.9,10.2,4.2,-2.5,-7.2,46,26,24,27,42,63,59,49,48,45,48,45,2.9,8.8,12.2,17,21,19.2,20.3,16.1,13.6,6.2,3.2,2.1,234,151,71,13,1,0,0,0,1,13,115,236,0,1,6,35,145,240,328,304,164,45,4,0,779,628,571,410,267,149,87,105,234,430,616,777,0,0,0,1,3,5,11,10,3,0,0,0,1,1,2,8,22,29,31,30,24,12,3,1,39,21,15,6,1,0,0,0,2,5,29,40,0,0,0,58,94,110,122,101,58,25,0,0,0,0,0,31,53,48,62,52,10,0,0,0,62,58,56,56,56,59,58,57,58,66,70,65,4.61,2.5,1.3,-0.34,-2.52,-2.06,-4.13,-4.99,-2.28,2.09,4.49,4.49
Alex Fraser,Alex Fraser B,Alex Fraser B class Fd,8491_Fd_B,8491,52.4583,-121.75,900,Normal_1981_2010.nrm,4.4,15.4,-6.7,22.1,551,269,26.2,57.3,762,1272,4953,33,162,152,254,102,160,-37.5,34.5,586,259,11.6,59,3.46,516,-1,11.3,21.7,9.8,-10.4,-2,7,-1,-5.7,4.6,14.4,4.4,125,101,176,149,3.7,15.3,20,7.3,573,79,0,109,2,186,863,220,2128,1234,348,1243,0,4,25,4,2,32,90,39,102,22,1,35,0,155,343,88,0,79,167,14,61,55,56,63,12.33,-1.05,-11.96,4.14,-1.5,1.2,6.1,11.4,16.3,19.8,22.9,22.6,17.5,9.8,1.9,-2.7,-11.2,-9.2,-6.2,-2.1,2.2,6,8,7.1,3.2,-0.9,-5.4,-10.7,-6.3,-4,-0.1,4.6,9.3,12.9,15.4,14.8,10.4,4.5,-1.7,-6.7,49,29,24,31,46,68,61,47,47,48,54,46,3,9,12.4,17,21,21,21,16.4,12,7.6,3,2,213,137,66,12,1,0,0,0,1,12,97,222,1,1,7,38,141,236,324,303,167,49,5,1,754,612,562,401,271,152,90,106,230,421,592,762,0,0,0,1,3,5,11,10,3,0,0,0,1,1,2,8,21,29,31,30,23,12,4,1,39,23,14,5,2,0,0,0,2,5,28,40,0,0,0,60,95,112,125,105,61,27,0,0,0,0,0,30,49,44,64,58,14,0,0,0,60,58,55,55,56,58,56,54,56,64,71,66,4.93,2.78,1.26,-0.23,-2.08,-1.71,-4.44,-5.81,-2.87,2.09,4.92,4.62
Alex Fraser,Alex Fraser Future,Alex Fraser future Fd,39259_Fd_B,39259,50.7833,-119.5,600,Normal_1981_2010.nrm,7,18.6,-3.5,22.1,580,220,29.4,84.4,458,1764,4099,117,210,130,273,143,126,-29,36.5,688,356,10.3,66,-1.58,869,0.1,13.2,24.4,11.2,-5.9,1.1,10.1,1.9,-2.9,7.2,17.2,6.6,163,120,129,168,2.2,13.8,19.2,5.8,363,37,0,58,6,308,1127,322,1877,1005,169,1049,0,9,99,9,9,53,91,57,92,9,0,24,0,206,376,105,0,86,247,22,75,61,58,69,15.45,-1.95,-20.14,5.05,-0.6,2,7.8,13.5,18.4,22,26,25.3,19.1,10.9,3.5,-1,-6.2,-5.4,-2.3,0.9,4.8,8.7,11.2,10.3,6.2,1.8,-2.3,-6.1,-3.4,-1.7,2.7,7.2,11.6,15.3,18.6,17.8,12.7,6.4,0.6,-3.5,58,39,35,38,47,52,42,35,44,51,74,66,1.9,5.8,8.4,13.8,16.9,16,17.9,16.8,11.3,5.3,0,0.9,137,89,32,5,0,0,0,0,0,6,52,137,2,3,19,82,208,309,421,397,232,79,11,2,664,548,476,325,204,97,29,43,167,361,521,664,0,0,0,2,7,16,46,37,8,1,0,0,3,3,8,17,27,30,31,31,28,20,9,3,31,21,7,2,0,0,0,0,1,2,22,40,0,0,36,67,104,121,139,116,66,29,10,0,0,0,1,29,57,69,97,81,22,0,0,0,77,71,65,59,58,60,57,56,60,70,78,79,5.58,3.45,1.65,-0.69,-2.91,-4.09,-7.85,-8.2,-3.42,1.95,6.52,6.42
Alex Fraser,Alex Fraser Lw B,Larch_AF,43309_Lw_B,43309,50.3667,-115.5833,1200,Normal_1981_2010.nrm,3.8,15.5,-8.4,23.9,455,230,30.5,67.3,893,1267,5166,32,150,157,245,88,136,-39.2,35.8,666,346,13.1,57,-11,495,-2.6,11.3,22.7,9.5,-11.4,-2.1,5.9,-2.4,-7,4.6,14.3,3.5,92,103,151,109,5.1,16.9,21.5,8.8,677,77,0,139,8,204,859,195,2250,1238,360,1318,0,4,25,3,2,30,88,30,82,22,1,32,0,196,374,97,0,93,222,30,64,55,51,59,9.17,-1.26,-18.78,-0.14,-3.8,0.4,6.1,11.4,16.4,19.9,24.1,23.9,17.6,9.7,1.2,-4.5,-11.6,-10.3,-6,-1.8,1.5,4.8,6.8,6.2,1.9,-2.3,-6.9,-12.2,-7.7,-4.9,0.1,4.8,8.9,12.3,15.5,15,9.7,3.7,-2.8,-8.4,34,25,25,35,43,66,45,40,36,33,40,33,4.1,9.1,13,19.1,22.8,21.4,19.5,20,14.1,7.2,4.2,3.1,249,160,64,12,1,0,0,0,1,16,123,267,2,4,19,55,131,221,326,312,149,39,7,2,798,638,558,397,282,171,88,101,249,445,625,814,0,0,0,1,3,4,11,11,3,0,0,0,1,1,3,9,19,27,30,30,20,8,2,0,30,21,14,6,2,0,0,0,2,5,25,31,0,0,34,62,99,118,138,117,66,31,0,0,0,0,10,27,56,52,93,77,30,0,0,0,67,57,56,56,53,54,49,48,52,59,67,67,3.41,2.45,1.25,0.12,-2.62,-2.68,-7.85,-8.25,-4.41,0.6,3.67,3.31
Alex Fraser,Alex Fraser Pl B,Lodgepole_AF,52149_Pl_B,52149,52.25,-121.4667,940,Normal_1981_2010.nrm,4.1,15,-7,22,556,273,25.4,54.9,789,1203,5051,27,155,156,249,93,167,-38,34.4,587,256,11.5,58,4.29,467,-1.1,11.1,21.5,9.7,-10.6,-2.3,6.5,-1.6,-5.9,4.4,14,4.1,125,100,180,150,3.7,15.3,20,7,591,82,0,117,2,173,822,205,2148,1255,376,1271,0,4,20,3,2,29,89,35,104,23,1,39,0,155,343,89,0,80,162,15,61,55,55,62,12.38,-0.92,-11.45,4.28,-2,1.3,6,11.1,16.2,19.5,22.6,22.4,17.3,9.9,1.9,-2.7,-11.2,-9.5,-6.3,-2.4,1.7,5.5,7.4,6.4,2.6,-1.4,-6,-11.2,-6.6,-4.1,-0.1,4.3,9,12.5,15,14.4,9.9,4.3,-2,-7,47,29,24,30,46,72,58,50,47,47,57,50,3,8.4,12,17,21,21.6,21,16.6,12,6.4,3,2,221,140,67,14,1,0,0,0,1,13,103,230,1,1,7,35,132,225,306,291,155,46,4,0,763,615,564,411,280,160,101,116,243,427,601,770,0,0,0,1,3,4,8,8,3,0,0,0,1,1,2,7,20,28,31,30,21,11,3,1,38,23,15,6,2,0,0,1,2,5,31,44,0,0,0,60,96,112,125,106,61,28,0,0,0,0,0,30,50,40,67,56,15,0,0,0,62,57,55,55,55,57,55,52,54,62,69,64,4.66,2.73,1.28,-0.17,-2.03,-1.27,-4.64,-5.54,-2.9,1.94,5.23,4.98
Alex Fraser,Alex Fraser Py B,Ponderosa_AF,44770_Py_B,44770,50.55,-120.1333,1100,Normal_1981_2010.nrm,4.6,15.7,-6.1,21.8,444,226,33,69.6,713,1291,4883,37,174,142,264,122,118,-35.3,34.5,602,298,11.9,64,-4.1,533,-1.1,10.2,21.2,9.3,-9.1,-1,7.9,-0.4,-5.1,4.6,14.5,4.4,91,99,136,117,3.5,15.5,20.8,7.9,527,75,0,112,3,178,881,230,2075,1237,337,1235,0,4,29,4,3,38,90,43,71,20,1,26,0,178,335,88,0,79,199,20,67,62,59,67,8.92,0.04,-14.7,1.66,-1.7,0.9,5.4,10.3,15,18.6,22.6,22.4,16.8,9.3,1.7,-2.4,-9.4,-8.1,-4.9,-1.2,3,6.4,8.8,8.3,4.6,-0.4,-5.4,-9.8,-5.5,-3.6,0.2,4.5,9,12.5,15.7,15.4,10.7,4.5,-1.8,-6.1,29,24,23,27,49,63,38,35,41,37,40,38,2.1,8.1,10.2,15.2,19.2,17.3,19.5,18.2,13.4,7.3,1.6,2.1,193,128,62,13,1,0,0,0,1,12,99,206,1,1,8,37,133,225,333,322,177,49,5,1,731,600,553,404,280,160,83,94,220,420,595,743,0,0,0,1,3,4,12,13,4,0,0,0,1,1,4,10,24,29,31,31,26,14,4,1,21,18,13,5,2,0,0,0,2,4,21,32,0,0,32,58,89,106,124,105,60,28,0,0,0,0,9,30,39,44,86,70,20,0,0,0,68,64,62,61,62,62,59,58,62,67,72,69,2.91,2.17,1.16,-0.24,-0.89,-1.54,-6.43,-6.74,-2.94,1.11,3.48,3.84
Jaffray,Jaffray B,Jaffray B class Fd,53205_Fd_B,53205,49.6388,-116.0881,1050,Normal_1981_2010.nrm,5.3,17.1,-6.9,24,505,216,30.4,79.4,700,1541,4656,67,181,138,260,123,154,-35.6,36.6,667,355,12.2,62,-6.92,680,-1.5,11.6,23.1,10.7,-9.2,-0.2,8.5,-0.3,-5.3,5.7,15.8,5.2,135,111,133,126,3.9,15.5,21.2,8.2,551,54,0,95,13,257,997,275,2100,1137,253,1165,0,5,55,6,3,43,91,43,107,17,0,30,0,194,369,103,0,83,237,36,68,61,56,63,13.19,-0.89,-19.41,0.19,-2.4,1.4,6.6,11.8,16.3,20.1,24.7,24.6,19,10.9,2.2,-3.5,-9.6,-7.8,-3.8,-0.4,3.5,6.8,9.6,8.9,4.3,-0.4,-4.7,-10.3,-6,-3.2,1.4,5.7,9.9,13.5,17.1,16.8,11.6,5.3,-1.2,-6.9,50,33,34,29,48,69,35,29,35,33,58,51,2.8,7.8,11.9,17.8,19.9,19.8,18.9,19.9,13.8,6.8,2.7,2.1,205,118,46,8,0,0,0,0,0,9,86,227,3,7,28,69,160,254,377,365,204,60,11,3,744,589,516,369,251,140,51,63,192,396,577,767,0,0,0,1,4,7,25,24,6,1,0,0,1,1,5,13,25,29,31,31,25,14,5,1,39,24,13,3,1,0,0,0,1,2,27,45,0,0,35,63,96,115,136,118,70,33,0,0,0,0,1,34,48,46,102,88,36,0,0,0,70,63,63,60,60,59,56,54,55,63,73,71,5.03,3.06,1.93,-0.79,-2.03,-1.87,-8.42,-9.12,-5.09,0.04,5.24,5.11
Jaffray,Jaffray Future,Jaffray future Fd,43319_Fd_B,43319,49.975,-115.7917,810,Normal_1981_2010.nrm,6.2,18.4,-6.5,24.9,359,180,45.2,102.2,634,1756,4378,107,178,140,256,116,80,-35.5,38.8,751,503,12.2,57,-33.63,831,-0.4,14.1,25.7,12.1,-9.3,-0.1,8.3,-0.6,-4.8,7,17,5.8,78,81,114,86,4,15.7,21.3,7.7,512,39,0,82,16,334,1106,300,2054,1021,183,1120,0,9,91,7,3,44,91,41,59,6,0,16,0,225,414,112,0,144,300,60,64,54,50,58,7.31,-7.66,-27.61,-5.67,-1.4,3.1,8.7,14.4,19.3,22.9,27.1,27,20.7,12.4,3.3,-2.7,-9.6,-7.9,-3.6,-0.4,3.6,6.9,9.7,8.4,3.7,-0.9,-4.7,-10.3,-5.5,-2.4,2.6,7,11.4,14.9,18.4,17.7,12.2,5.7,-0.7,-6.5,29,19,19,27,36,52,34,28,31,22,33,30,3,8,12,17.5,20.9,20.5,19,20,13,6.1,3,2,193,102,33,5,0,0,0,0,0,7,75,218,4,9,38,94,203,296,416,394,220,67,13,3,730,567,481,331,209,107,31,46,178,381,561,756,0,0,0,2,6,13,43,35,7,1,0,0,1,1,6,13,25,29,31,31,24,12,5,1,21,12,4,1,0,0,0,0,1,1,14,26,0,0,40,73,112,132,152,131,76,36,0,0,0,0,21,46,76,79,118,103,46,14,0,0,66,58,57,53,52,53,50,47,49,56,70,68,2.87,1.4,-0.22,-2.36,-5.08,-5.45,-10.66,-11.5,-6.62,-1.68,2.62,3.04
Jaffray,Jaffray Lw B,Larch_JAF,42037_Lw_B,42037,49.6833,-115.9833,1100,Normal_1981_2010.nrm,5.3,17.2,-6.9,24.2,513,223,29.8,77.4,709,1545,4660,68,180,139,260,122,156,-35.5,36.6,672,353,12.7,62,-7.04,686,-1.7,11.7,23.4,10.5,-9.2,-0.3,8.4,-0.3,-5.4,5.7,15.9,5.1,133,114,139,128,4.7,16,21.7,8.6,556,55,0,98,13,259,1003,270,2107,1129,249,1175,0,5,57,6,3,43,91,43,106,17,0,31,0,196,374,102,0,83,235,35,69,60,55,64,13.03,-1,-19.65,0.58,-2.6,1.3,6.5,11.9,16.6,20.5,24.9,24.7,18.9,10.6,2.1,-3.6,-9.5,-7.7,-3.8,-0.5,3.4,6.7,9.5,8.9,4.2,-0.3,-4.7,-10.3,-6.1,-3.2,1.3,5.7,10,13.6,17.2,16.8,11.6,5.1,-1.3,-6.9,49,33,35,30,48,75,34,30,35,34,59,51,4,8,12,17.6,21,19.9,20,20,14,7,3.9,3.1,207,120,47,8,0,0,0,0,0,9,88,230,3,7,27,69,163,257,380,367,202,57,11,2,746,590,519,370,240,138,49,62,194,401,580,770,0,0,0,1,4,7,26,24,5,0,0,0,1,1,5,13,25,29,31,31,25,14,5,1,38,24,13,3,1,0,0,0,1,2,28,45,0,0,35,64,98,118,138,118,70,32,0,0,0,0,0,33,49,43,104,88,35,0,0,0,71,64,63,59,58,58,55,54,55,64,73,72,4.9,3.06,2,-0.68,-2.32,-1.63,-8.83,-9.18,-5.04,0.3,5.31,5.07
Jaffray,Jaffray Pl B,Lodgepole_JAF,1795_Pl_B,1795,49.4333,-115.9333,1280,Normal_1981_2010.nrm,4.9,16.8,-6.9,23.7,516,218,28.9,76.8,731,1441,4804,56,176,144,260,116,167,-35.6,36.2,646,332,12.8,63,-3.02,622,-1.6,10.8,22.6,9.6,-9.2,-0.7,8.2,-0.5,-5.4,5,15.4,4.6,132,118,135,131,4.4,16.3,22,8.6,554,66,0,111,13,223,961,244,2104,1197,277,1226,0,4,47,5,3,40,90,42,105,24,1,37,0,188,361,96,0,73,226,32,69,61,57,66,12.94,0.66,-18.61,1.99,-2.4,1.1,5.5,11.1,15.7,19.6,24.1,24.1,17.9,9.5,1.4,-3.6,-9.5,-7.7,-4.1,-0.8,2.8,6.3,9.5,9,4.1,-0.4,-5.1,-10.3,-6,-3.3,0.7,5.1,9.3,12.9,16.8,16.5,11,4.5,-1.8,-6.9,49,33,36,33,49,70,36,29,34,35,62,50,3.2,8.1,12.3,18.6,21.3,20.1,20.3,20.4,14.3,7.2,3,2.9,204,121,55,10,1,0,0,0,0,12,99,228,3,7,23,60,141,237,366,358,185,49,9,3,744,592,539,387,271,151,58,68,211,419,595,769,0,0,0,1,3,5,21,21,4,0,0,0,1,1,5,12,23,29,31,31,25,13,4,1,38,24,17,5,2,0,0,0,1,3,32,44,0,0,33,61,94,113,133,115,66,30,0,0,0,0,0,28,45,43,97,86,32,0,0,0,70,65,65,60,59,59,57,55,57,66,74,71,4.94,3.01,2.33,-0.08,-1.59,-1.64,-8,-8.96,-4.55,0.84,5.7,5
Jaffray,Jaffray Py B,Ponderosa_JAF,47231_Py_B,47231,49.7,-115.9,1140,Normal_1981_2010.nrm,5.2,17.1,-7,24.1,529,231,28.8,74,720,1522,4703,65,179,140,260,121,162,-35.7,36.4,666,338,12.4,62,-4.68,672,-1.8,11.5,23.2,10.3,-9.2,-0.4,8.3,-0.3,-5.5,5.5,15.8,5,137,119,147,126,4,16,21.3,8.3,563,57,0,100,13,252,994,264,2114,1149,255,1185,0,5,54,6,3,42,91,43,110,19,1,33,0,194,371,100,0,78,224,36,69,61,56,64,13.4,-0.24,-18.54,0.69,-2.7,1.1,6.2,11.7,16.4,20.4,24.7,24.5,18.7,10.4,1.9,-3.7,-9.6,-7.7,-3.9,-0.5,3.3,6.7,9.5,8.9,4.2,-0.4,-4.8,-10.3,-6.2,-3.3,1.2,5.6,9.9,13.5,17.1,16.7,11.4,5,-1.4,-7,50,36,36,31,51,77,35,36,33,34,60,51,3,8,12,17.5,21,20,19,20,14,6,4,2.1,209,122,48,9,0,0,0,0,0,10,89,232,3,7,26,67,159,255,376,363,198,55,10,2,749,593,523,373,252,139,51,64,197,405,582,772,0,0,0,1,4,7,24,23,5,0,0,0,1,1,5,12,24,29,31,31,25,13,4,1,39,26,15,3,1,0,0,0,1,3,29,45,0,0,34,63,97,117,137,117,69,32,0,0,0,0,0,32,46,41,102,81,36,0,0,0,71,65,63,60,59,58,55,54,55,64,74,72,4.97,3.37,2.24,-0.55,-1.92,-1.42,-8.64,-8.48,-5.09,0.34,5.44,5.06
John Prince,John Prince Fd A,John Prince A class Fd,63641_Fd_A,63641,53.6353,-122.94,786,Normal_1981_2010.nrm,3.8,15.4,-8,23.4,561,264,24.6,58.2,905,1240,5175,32,163,148,254,107,186,-39.2,33.7,551,232,11.5,62,9.38,504,-2.6,10.4,21.2,8.3,-11.2,-1.9,7.5,-1.2,-6.9,4.3,14.4,3.6,129,97,174,161,3.6,15.3,20.1,6.9,670,93,0,142,1,181,863,194,2243,1267,349,1317,0,4,25,3,2,33,90,39,115,26,1,44,0,147,327,78,0,76,153,3,64,58,58,67,12.93,-0.4,-10.26,7.11,-3.8,-0.1,4.8,10.5,16,19.6,22.3,21.8,16.1,8.5,0.4,-4,-12,-9.7,-6.3,-2.1,2.6,6.5,8.5,7.6,3.4,-0.7,-6.4,-12.1,-7.9,-4.9,-0.7,4.2,9.3,13.1,15.4,14.7,9.8,3.9,-3,-8,53,32,26,32,39,67,61,46,51,58,52,45,3.4,7.6,11.9,17.9,19.9,17.5,18.6,16,14,6.1,2.5,2,253,159,78,14,1,0,0,0,1,15,127,258,0,1,5,33,142,242,323,299,150,41,3,0,803,637,583,414,270,149,91,109,248,439,630,803,0,0,0,1,3,5,10,9,3,0,0,0,1,1,2,8,23,29,31,30,23,13,3,0,47,27,18,7,1,0,0,0,3,8,33,41,0,0,0,56,92,109,119,98,55,23,0,0,0,0,0,23,52,43,58,53,3,0,0,0,65,61,59,58,58,59,58,57,60,68,72,66,5.33,3.14,1.7,0.35,-2.46,-1.59,-3.65,-5.03,-1.39,3.57,4.94,4.46
John Prince,John Prince Future,John Prince future Fd,48509_Fd_B,48509,50.7833,-119.5,835,Normal_1981_2010.nrm,5.9,17.2,-4.7,21.9,609,237,26.1,72.8,558,1528,4446,68,193,137,269,132,162,-31.3,35.4,636,298,11,65,7.23,698,-0.5,11.9,22.7,10.2,-7.1,0,9.1,1,-3.8,5.9,15.9,5.6,168,127,139,175,2.8,14.6,19.9,6.6,428,51,0,80,5,239,1007,277,1958,1107,246,1135,0,6,56,6,6,45,91,51,111,17,0,34,0,193,352,91,0,69,213,17,73,61,59,69,16.26,0.51,-16.21,6.67,-1.2,1.7,6.9,11.9,16.8,20.2,24.2,23.7,17.9,10.1,2.5,-1.9,-7.3,-6.6,-3.5,-0.1,3.7,7.6,10.2,9.5,5.6,0.8,-3.5,-7.4,-4.2,-2.4,1.7,5.9,10.3,13.9,17.2,16.6,11.8,5.4,-0.5,-4.7,59,41,37,39,51,57,45,38,46,54,75,68,2.5,6.6,9.2,14.6,17.5,16.6,18.5,17.7,12.2,6.2,0.5,1.3,159,103,43,8,0,0,0,0,0,8,71,166,1,2,13,57,170,267,379,360,207,62,7,1,690,569,508,363,236,130,49,66,189,391,555,699,0,0,0,1,4,8,26,22,6,1,0,0,2,2,6,14,25,29,31,31,27,17,6,2,37,25,12,3,1,0,0,0,1,3,30,49,0,0,34,62,97,113,130,109,62,28,0,0,0,0,0,23,45,56,85,72,17,0,0,0,74,67,63,61,59,61,59,58,61,69,77,77,5.84,3.66,2.15,0.21,-1.84,-2.76,-6.46,-6.99,-2.75,2.54,6.87,6.75
John Prince,John Prince Lw B,Larch_JP,3351_Lw_B,3351,50.2667,-115.5167,1404,Normal_1981_2010.nrm,3,14.4,-8.8,23.2,506,241,25.6,59.6,983,1083,5474,20,144,162,248,86,184,-39.6,34.3,584,276,12.4,60,1.74,381,-3.5,9.4,20.9,8.2,-11.5,-2.8,5.4,-2.5,-7.5,3.3,13.2,2.8,110,115,154,126,4.1,16.2,21.6,7.8,711,106,0,166,7,149,755,172,2292,1352,448,1381,0,2,15,2,2,26,86,30,100,39,2,44,0,147,347,90,0,62,193,22,66,58,53,63,11.02,2.58,-15.03,3.17,-4.6,-0.8,4.3,9.5,14.5,18.1,22.4,22.2,16.2,8.6,-0.3,-5,-11.8,-10.3,-6.6,-2.4,0.8,4.1,6.4,5.8,2.1,-2.4,-7.2,-12.5,-8.2,-5.6,-1.2,3.5,7.6,11.1,14.4,14,9.2,3.1,-3.7,-8.8,42,30,31,38,47,68,45,42,40,38,48,38,3.1,8.1,11.7,18.2,22.7,21.3,19.7,20.3,13.2,6.2,3.1,2.1,259,175,86,18,1,0,0,0,1,20,144,277,2,4,14,39,97,185,290,280,133,33,5,1,811,656,596,435,322,207,117,124,266,465,651,826,0,0,0,1,2,2,6,7,2,0,0,0,1,1,2,7,17,26,30,30,20,8,2,0,37,27,23,11,4,1,0,1,3,8,34,36,0,0,0,56,90,109,129,109,62,29,0,0,0,0,0,18,44,41,84,67,22,0,0,0,69,61,59,59,56,56,52,51,56,62,71,68,4.2,3,2.26,1.19,-0.87,-1.51,-6.67,-6.86,-2.99,1.53,4.62,3.83
John Prince,John Prince Pl B,Lodgepole_JP,48646_Pl_B,48646,54.6442,-124.4533,820,Normal_1981_2010.nrm,2.8,14.2,-9.1,23.4,550,238,23.2,59.9,1054,1063,5550,19,155,156,253,97,222,-39.4,32.2,508,220,11.1,64,14.26,384,-4.3,8.9,19.7,7.3,-12.1,-2.8,6.7,-1.5,-8.2,3.1,13.2,2.9,136,103,150,162,3.1,15,19.4,6.7,764,127,0,163,1,135,759,169,2351,1377,446,1375,0,3,14,2,1,28,89,37,126,39,2,55,0,135,302,71,0,63,152,5,67,59,60,69,13.55,2.11,-9.8,8.39,-5.2,-2.4,3.3,8.9,14.7,18.2,20.7,20.1,15.1,7.7,-0.9,-5.2,-13,-11.3,-7.4,-2.6,1.5,5.6,7.8,6.9,3.1,-1.1,-6.4,-11.9,-9.1,-6.8,-2,3.1,8.1,11.9,14.2,13.5,9.1,3.3,-3.7,-8.5,50,37,31,29,42,55,52,43,45,58,59,49,2.2,6.8,10.8,18.2,21.3,16.8,16.4,14.3,13,5,2.7,1.9,286,207,105,21,1,0,0,0,1,19,143,272,0,0,3,23,109,207,286,265,131,35,2,0,841,692,623,446,308,184,121,141,268,457,650,819,0,0,0,1,2,3,6,5,2,0,0,0,0,0,2,7,19,28,31,30,23,11,3,0,46,34,26,10,3,0,0,1,3,10,41,46,0,0,0,50,85,102,110,90,50,21,0,0,0,0,0,21,43,47,58,47,5,0,0,0,66,63,59,60,58,60,60,59,62,69,77,71,4.99,3.65,2.56,0.68,-1.13,-2.01,-3.54,-4.25,-1.19,3.85,5.74,4.91
John Prince,John Prince Py B,Ponderosa_JP,44770_Py_B,44770,50.55,-120.1333,1100,Normal_1981_2010.nrm,4.6,15.7,-6.1,21.8,444,226,33,69.6,713,1291,4883,37,174,142,264,122,118,-35.3,34.5,602,298,11.9,64,-4.1,533,-1.1,10.2,21.2,9.3,-9.1,-1,7.9,-0.4,-5.1,4.6,14.5,4.4,91,99,136,117,3.5,15.5,20.8,7.9,527,75,0,112,3,178,881,230,2075,1237,337,1235,0,4,29,4,3,38,90,43,71,20,1,26,0,178,335,88,0,79,199,20,67,62,59,67,8.92,0.04,-14.7,1.66,-1.7,0.9,5.4,10.3,15,18.6,22.6,22.4,16.8,9.3,1.7,-2.4,-9.4,-8.1,-4.9,-1.2,3,6.4,8.8,8.3,4.6,-0.4,-5.4,-9.8,-5.5,-3.6,0.2,4.5,9,12.5,15.7,15.4,10.7,4.5,-1.8,-6.1,29,24,23,27,49,63,38,35,41,37,40,38,2.1,8.1,10.2,15.2,19.2,17.3,19.5,18.2,13.4,7.3,1.6,2.1,193,128,62,13,1,0,0,0,1,12,99,206,1,1,8,37,133,225,333,322,177,49,5,1,731,600,553,404,280,160,83,94,220,420,595,743,0,0,0,1,3,4,12,13,4,0,0,0,1,1,4,10,24,29,31,31,26,14,4,1,21,18,13,5,2,0,0,0,2,4,21,32,0,0,32,58,89,106,124,105,60,28,0,0,0,0,9,30,39,44,86,70,20,0,0,0,68,64,62,61,62,62,59,58,62,67,72,69,2.91,2.17,1.16,-0.24,-0.89,-1.54,-6.43,-6.74,-2.94,1.11,3.48,3.84
John Prince ,John Prince B,John Prince B class Fd,53614_Fd_B,53614,54.4264,-124.1747,900,Normal_1981_2010.nrm,2.6,14,-9.3,23.3,525,234,23.9,59.8,1081,1035,5617,17,151,157,252,95,212,-40.1,32.2,510,228,11.3,63,11.82,367,-4.4,8.8,19.6,7.3,-12.4,-3.1,6.5,-1.8,-8.4,2.9,13,2.7,128,95,150,152,3,15.3,20,6.9,779,133,0,168,1,128,743,163,2369,1396,461,1391,0,2,13,2,1,26,89,35,120,37,2,53,0,135,304,71,0,68,154,6,66,58,59,68,12.84,1.52,-10.06,7.52,-5.5,-2.4,3.3,8.8,14.4,18.2,20.6,20,15,7.5,-0.6,-5.3,-13,-11.6,-7.7,-3,1.4,5.2,7.4,6.7,2.9,-1.3,-7,-12.4,-9.3,-7,-2.2,2.9,7.9,11.7,14,13.4,9,3.1,-3.8,-8.8,49,33,28,27,40,56,50,44,44,53,55,46,2.1,6.4,11.9,17.9,20.8,15.7,17.7,15.7,13.4,5.6,2.3,2,290,211,109,23,1,0,0,0,1,20,147,279,0,0,3,22,104,202,280,261,127,33,2,0,845,696,629,454,313,189,127,145,272,464,655,828,0,0,0,0,2,3,5,5,2,0,0,0,0,0,1,6,19,28,31,30,22,11,2,0,45,31,24,10,3,1,0,1,3,11,39,43,0,0,0,50,85,103,110,90,50,21,0,0,0,0,0,23,44,47,61,46,6,0,0,0,67,61,58,59,58,60,60,59,61,69,73,69,4.92,3.32,2.26,0.48,-1.22,-1.99,-3.86,-4.21,-1.29,3.47,5.34,4.6
Narrows,Narrows Lw B,Larch_NAR,31632_Lw_B,31632,49.4333,-117.5,950,Normal_1981_2010.nrm,6.7,17.8,-3.7,21.6,827,274,20.2,65.1,457,1727,4195,98,211,130,278,147,200,-27.6,36.9,668,258,10.7,68,25.78,800,0,11.8,23.5,10.8,-5.2,1,9.8,1.9,-2.6,6.4,16.6,6.4,257,192,155,222,2.7,14.3,20,6,347,43,0,66,27,297,1074,328,1854,1067,203,1070,0,7,81,10,12,52,91,56,139,21,0,40,0,194,365,108,0,29,210,18,79,64,59,70,24.78,6.88,-16.4,10.52,-0.9,2.2,6.6,11.9,16.9,20.5,24.9,25,19.2,10.3,2.9,-1.4,-5.1,-4.4,-2.2,0.8,4.4,8.1,10.8,10.7,6.8,1.5,-2.5,-6.1,-3,-1.1,2.2,6.4,10.7,14.3,17.8,17.8,13,5.9,0.2,-3.7,92,62,61,62,69,74,43,38,49,65,108,103,2,5.8,9.8,15.3,15.3,15.2,17.4,19,11,3.4,1,1,127,79,36,7,0,0,0,0,0,7,59,142,8,13,35,81,181,278,398,398,242,70,17,6,651,532,490,350,227,122,39,43,158,377,534,671,0,0,0,1,5,10,34,37,9,1,0,0,4,4,9,17,27,30,31,31,28,19,8,3,46,29,16,4,1,0,0,0,1,3,36,64,0,0,34,62,98,115,135,116,68,30,11,0,0,0,0,1,28,40,92,78,18,0,0,0,82,74,69,63,61,62,58,58,62,70,79,80,9.01,5.64,4.56,2.4,-0.08,-1.18,-7.34,-7.89,-3.06,3.5,10.08,10.12
Narrows,Narrows Pl B,Lodgepole_NAR,45926_Pl_B,45926,49.0333,-117.8607,1235,Normal_1981_2010.nrm,5.6,17.2,-5.3,22.5,884,291,17.7,59.2,602,1492,4557,70,199,130,277,146,289,-30.7,35.6,598,190,12,70,39.58,686,-1.3,10.1,21.6,9.6,-6.8,0.4,10,1.5,-4,5.2,15.8,5.5,278,219,167,219,3.9,15.4,21.3,7.7,449,61,0,93,4,203,995,290,1982,1177,255,1142,0,5,58,8,7,48,91,53,191,42,1,55,0,175,330,92,0,4,163,23,77,67,65,72,27.42,11.91,-11.07,11.32,-1.9,0.8,5.3,10.1,14.8,18.4,23,23.2,17.8,9.7,1.3,-2.8,-6.7,-5.8,-3.1,0.2,4.1,7.6,11.1,11.2,6.8,1.2,-3.6,-7.7,-4.3,-2.5,1.1,5.2,9.5,13,17.1,17.2,12.3,5.4,-1.2,-5.3,97,73,72,65,83,88,46,34,40,69,110,109,2.5,7.4,10.9,15.9,16.9,16.2,18.7,20.2,13.2,5,1.1,2.7,161,105,50,10,1,0,0,0,0,8,84,183,1,2,10,45,147,241,375,379,222,62,6,1,693,571,527,386,264,149,52,54,176,392,575,718,0,0,0,1,3,5,24,29,7,1,0,0,3,3,7,15,26,29,31,31,28,18,6,2,61,47,30,9,3,0,0,0,1,4,50,84,0,0,32,57,87,103,122,105,63,29,0,0,0,0,0,0,4,15,76,72,23,0,0,0,80,73,69,67,65,66,64,64,65,71,81,79,9.61,6.96,5.93,3.5,2.48,1.35,-5.54,-6.88,-3.25,4.07,10.5,10.85
Narrows,Narrows Py B,Ponderosa_NAR,40855_Py_B,40855,49,-116.6,1150,Normal_1981_2010.nrm,5.3,16.2,-5.4,21.6,877,285,17.5,56.8,594,1426,4640,47,187,138,266,128,285,-31.9,35.5,618,208,13.6,66,37.7,590,-0.7,10.6,21.4,9.7,-7.3,-0.2,8.6,0.5,-4,5.2,15,5.1,267,216,157,237,5.2,16.7,22.7,10,445,58,0,91,19,225,923,259,1977,1181,305,1177,0,4,38,5,6,43,91,47,182,41,1,62,0,184,338,95,0,9,181,17,72,63,61,69,26.26,11.09,-12.59,12.93,-0.7,1.2,6.1,10.7,15,18.4,22.7,23,17.5,9.7,1.9,-2.4,-7.2,-6.4,-3.7,-0.4,3.4,6.8,9.7,9.2,5,0.2,-3.8,-8.4,-3.9,-2.6,1.2,5.1,9.2,12.6,16.2,16.1,11.2,5,-1,-5.4,96,69,74,61,81,80,41,36,47,64,125,103,4,9,13,19,19.5,19,21,21.8,15.3,8.5,4.3,3.7,151,106,48,10,1,0,0,0,0,10,80,187,6,9,27,60,139,228,348,346,193,55,12,4,681,573,522,386,273,158,71,76,202,406,569,723,0,0,0,1,3,4,16,18,5,0,0,0,2,2,6,13,25,29,31,31,26,15,6,1,57,44,29,8,3,0,0,0,2,5,55,81,0,0,34,60,90,105,124,109,65,30,0,0,0,0,0,0,9,25,83,73,17,0,0,0,73,70,64,63,63,64,61,59,61,68,77,74,9.45,6.53,5.99,2.92,2.18,0.39,-6.01,-6.97,-2.68,3.63,11.98,10.29
Peterhope,Peterhope B,Peterhope B class Fd,44771_Fd_B,44771,50.85,-120.55,1050,Normal_1981_2010.nrm,4.7,15.4,-6.6,22,422,206,34.7,75,739,1320,4878,37,172,138,259,120,117,-36.7,34.2,617,328,13,62,-8.41,548,-1,11,21.5,9.5,-9.8,-1,7.8,-0.9,-5.4,5,14.7,4.3,90,89,130,114,4.6,16.3,21.6,9.3,552,70,0,118,2,206,887,226,2103,1195,331,1249,0,5,28,4,3,39,91,40,72,18,1,26,0,186,339,91,0,98,210,21,64,60,59,64,8.77,-2.26,-15.76,0.85,-1.6,1.2,6.1,11,16,19.9,22.3,22.1,17.2,9.8,1.6,-2.6,-10.1,-8.5,-5.1,-1.4,3.6,7.2,8.5,7.8,4,-1,-5.8,-10.6,-5.9,-3.7,0.5,4.8,9.8,13.6,15.4,15,10.6,4.4,-2.1,-6.6,29,22,25,28,35,49,47,33,41,35,38,38,4,8.3,11.6,16.6,20.6,19,21.2,19.9,15.6,9.6,3,3,202,130,58,11,0,0,0,0,1,12,105,220,1,1,8,40,157,256,324,306,174,48,4,1,741,603,545,396,254,138,90,103,223,423,603,759,0,0,0,1,4,7,11,10,4,0,0,0,1,1,3,10,25,29,31,31,25,12,3,1,22,17,13,5,1,0,0,0,2,4,21,33,0,0,33,60,93,112,123,105,62,29,0,0,0,0,8,32,58,63,75,71,21,0,0,0,64,61,59,59,61,61,58,57,58,64,71,66,2.94,2.03,1.25,-0.4,-3.11,-3.62,-5.35,-6.8,-3.27,0.75,3.38,3.8
Peterhope,Peterhope Future,Peterhope future Fd,53751_Fd_B,53751,50.4888,-120.3292,600,Normal_1981_2010.nrm,7.3,18.6,-4.3,23,358,182,48.4,102.3,468,1863,4003,132,209,125,270,146,60,-31.7,38.3,732,471,11.6,62,-30.38,929,0.6,14.2,25.4,12.5,-6.9,1.6,9.7,1.5,-3.1,7.9,17.5,7,78,77,110,93,3.1,15.2,20.8,7.5,386,29,0,52,6,354,1156,346,1900,940,151,1012,0,12,110,11,7,56,91,54,47,3,0,9,0,217,398,117,0,140,288,43,70,59,54,64,6.93,-7.66,-25.2,-4.45,-0.3,3.3,9,14.5,19.2,22.9,26.7,26.6,20.5,12.3,4.7,-1.1,-7.7,-5.2,-1.9,1.3,5.5,8.8,10.5,9.6,5.8,1.5,-2.8,-7.6,-4,-1,3.5,7.9,12.3,15.9,18.6,18.1,13.1,6.9,1,-4.3,27,19,17,24,37,47,32,32,35,27,31,33,2.4,7.2,10.2,14.7,18.8,16.7,19.8,18.6,12.6,7.5,1.2,1.5,153,76,26,4,0,0,0,0,0,5,47,157,1,4,25,98,231,326,423,407,245,89,12,1,684,527,451,304,186,84,28,38,155,346,511,689,0,0,0,2,9,20,47,42,9,1,0,0,2,3,9,18,28,30,31,31,27,19,8,2,16,8,2,1,0,0,0,0,1,1,8,22,0,0,39,71,107,127,146,125,72,33,12,0,0,0,22,48,70,80,114,93,37,6,0,0,69,67,63,58,58,58,53,51,55,65,72,73,2.57,1.18,-0.56,-2.8,-4.3,-5.35,-9.85,-10,-5.37,-1.14,2.05,3.18
Redfish,Redfish Lw B,Larch_RED,31632_Lw_B,31632,49.4333,-117.5,950,Normal_1981_2010.nrm,6.7,17.8,-3.7,21.6,827,274,20.2,65.1,457,1727,4195,98,211,130,278,147,200,-27.6,36.9,668,258,10.7,68,25.78,800,0,11.8,23.5,10.8,-5.2,1,9.8,1.9,-2.6,6.4,16.6,6.4,257,192,155,222,2.7,14.3,20,6,347,43,0,66,27,297,1074,328,1854,1067,203,1070,0,7,81,10,12,52,91,56,139,21,0,40,0,194,365,108,0,29,210,18,79,64,59,70,24.78,6.88,-16.4,10.52,-0.9,2.2,6.6,11.9,16.9,20.5,24.9,25,19.2,10.3,2.9,-1.4,-5.1,-4.4,-2.2,0.8,4.4,8.1,10.8,10.7,6.8,1.5,-2.5,-6.1,-3,-1.1,2.2,6.4,10.7,14.3,17.8,17.8,13,5.9,0.2,-3.7,92,62,61,62,69,74,43,38,49,65,108,103,2,5.8,9.8,15.3,15.3,15.2,17.4,19,11,3.4,1,1,127,79,36,7,0,0,0,0,0,7,59,142,8,13,35,81,181,278,398,398,242,70,17,6,651,532,490,350,227,122,39,43,158,377,534,671,0,0,0,1,5,10,34,37,9,1,0,0,4,4,9,17,27,30,31,31,28,19,8,3,46,29,16,4,1,0,0,0,1,3,36,64,0,0,34,62,98,115,135,116,68,30,11,0,0,0,0,1,28,40,92,78,18,0,0,0,82,74,69,63,61,62,58,58,62,70,79,80,9.01,5.64,4.56,2.4,-0.08,-1.18,-7.34,-7.89,-3.06,3.5,10.08,10.12
Redfish,Redfish Pl B,Lodgepole_RED,43152_Pl_B,43152,49.6667,-117.8167,1000,Normal_1981_2010.nrm,6.2,18.4,-5.8,24.2,1195,316,13.6,58,603,1735,4365,106,220,118,285,166,395,-30.2,36.5,617,188,13.9,74,67.31,809,-1.8,10.9,22.7,9.1,-5.8,1.9,10.4,2.6,-3.8,6.4,16.6,5.8,394,309,186,305,6.3,16.7,22.1,10.5,433,50,0,120,20,301,1067,347,1960,1073,214,1118,0,7,87,12,11,59,91,59,258,48,1,88,0,179,344,94,0,22,158,8,83,70,63,79,38.97,19.48,-10.74,19.6,-0.4,-1,4.5,11.6,16.5,19.9,24,24.2,19.3,10.1,-2.2,-3.9,-6.5,-3.2,-1.5,2.3,4.7,7,12.7,11.5,7.9,2.7,-2.8,-7.7,-3.5,-2.1,1.5,7,10.6,13.5,18.4,17.9,13.6,6.4,-2.5,-5.8,150,99,119,118,72,85,53,48,58,106,141,146,6,9.3,13.2,16.4,15.8,16.9,19.9,21.1,15.6,8.8,4,4,139,97,44,5,0,0,0,0,0,6,114,198,7,10,29,93,180,253,414,399,259,80,8,3,666,559,512,332,228,140,31,43,143,360,615,735,0,0,0,2,5,7,43,38,11,1,0,0,3,6,11,21,27,29,31,31,29,23,8,2,82,58,41,6,1,0,0,0,1,3,83,118,0,0,27,58,94,114,122,109,66,28,0,0,0,0,0,0,22,29,69,60,8,0,0,0,74,91,78,69,63,60,66,62,65,75,97,84,14.77,9.63,10.78,8.18,0.52,0,-4.85,-5.88,-2.02,7.7,13.92,14.57
Redfish,Redfish Py B,Ponderosa_RED,40855_Py_B,40855,49,-116.6,1150,Normal_1981_2010.nrm,5.3,16.2,-5.4,21.6,877,285,17.5,56.8,594,1426,4640,47,187,138,266,128,285,-31.9,35.5,618,208,13.6,66,37.7,590,-0.7,10.6,21.4,9.7,-7.3,-0.2,8.6,0.5,-4,5.2,15,5.1,267,216,157,237,5.2,16.7,22.7,10,445,58,0,91,19,225,923,259,1977,1181,305,1177,0,4,38,5,6,43,91,47,182,41,1,62,0,184,338,95,0,9,181,17,72,63,61,69,26.26,11.09,-12.59,12.93,-0.7,1.2,6.1,10.7,15,18.4,22.7,23,17.5,9.7,1.9,-2.4,-7.2,-6.4,-3.7,-0.4,3.4,6.8,9.7,9.2,5,0.2,-3.8,-8.4,-3.9,-2.6,1.2,5.1,9.2,12.6,16.2,16.1,11.2,5,-1,-5.4,96,69,74,61,81,80,41,36,47,64,125,103,4,9,13,19,19.5,19,21,21.8,15.3,8.5,4.3,3.7,151,106,48,10,1,0,0,0,0,10,80,187,6,9,27,60,139,228,348,346,193,55,12,4,681,573,522,386,273,158,71,76,202,406,569,723,0,0,0,1,3,4,16,18,5,0,0,0,2,2,6,13,25,29,31,31,26,15,6,1,57,44,29,8,3,0,0,0,2,5,55,81,0,0,34,60,90,105,124,109,65,30,0,0,0,0,0,0,9,25,83,73,17,0,0,0,73,70,64,63,63,64,61,59,61,68,77,74,9.45,6.53,5.99,2.92,2.18,0.39,-6.01,-6.97,-2.68,3.63,11.98,10.29
Redfish,Redfish Fd A,Redfish A class Fd,63135_Fd_A,63135,50.66,-118.77,614,Normal_1981_2010.nrm,6.8,17.8,-3.5,21.3,738,289,22.8,61.5,464,1761,4163,98,217,129,276,148,160,-27.8,37.3,671,263,11.5,68,16.41,818,-0.5,12.3,24,10.8,-5.2,1.3,9.5,2.3,-2.9,6.8,16.7,6.5,208,158,164,207,3.6,15,19.7,7.6,363,42,0,60,25,324,1083,330,1877,1037,196,1053,0,8,81,9,11,54,91,59,118,15,0,27,0,195,372,103,0,50,208,5,81,64,57,72,20.12,3.09,-16.06,9.25,-1.3,1.2,6.3,12.9,17.6,21.1,25.4,25.4,19.4,10.2,2.7,-1.5,-5.5,-4.7,-1.9,1,4.8,8.4,10.1,10.1,6.3,2.2,-1.6,-5.5,-3.4,-1.8,2.2,7,11.2,14.7,17.8,17.7,12.9,6.2,0.6,-3.5,76,48,44,50,63,72,49,43,61,67,79,85,2.9,7.7,10.2,14.3,16.7,16,18,18.1,13,6,1.7,2,137,90,36,5,0,0,0,0,0,6,53,136,7,11,35,93,197,291,396,395,236,75,18,7,664,549,490,332,215,111,40,45,162,367,523,663,0,0,0,2,6,12,33,36,9,1,0,0,4,4,10,17,27,30,31,31,28,21,10,4,41,26,11,3,1,0,0,0,1,3,24,51,0,0,32,65,99,116,139,118,67,27,9,0,0,0,0,14,36,44,89,75,5,0,0,0,83,76,71,61,60,61,55,55,60,73,84,83,7.45,4.35,2.95,0.88,-0.74,-1.42,-7,-7.64,-1.81,3.86,7.2,8.33
Redfish,Redfish B,Redfish B class Fd,19913_Fd_B,19913,49.6167,-117.1333,875,Normal_1981_2010.nrm,6.8,17.7,-3.4,21.1,913,286,18.4,61.8,428,1709,4163,90,218,127,279,152,205,-26.6,36.3,645,225,12.1,70,37.37,777,0.1,11.7,22.9,10.5,-4.7,1.3,10,2.4,-2.3,6.5,16.4,6.5,276,211,164,261,4,15.7,20.3,8.3,326,42,0,60,30,298,1056,325,1826,1062,215,1060,0,7,74,9,13,54,91,59,139,24,0,43,0,190,352,103,0,27,188,10,80,65,61,73,26.58,9.22,-13.53,15.1,-0.4,2,6.7,11.8,16.5,20,24.3,24.3,18.5,10.2,2.7,-1.3,-4.6,-4,-1.9,0.9,4.7,8.2,11,10.9,7,2,-1.7,-5.5,-2.5,-1,2.4,6.4,10.6,14.1,17.7,17.6,12.7,6.1,0.5,-3.4,107,67,76,68,68,75,43,46,54,80,127,101,3,8,12,16.4,17.2,16.1,17.8,19.8,14,6.8,2.8,2,117,77,35,7,0,0,0,0,0,6,54,133,9,13,36,81,181,272,393,391,233,74,18,7,638,529,485,349,227,126,41,47,166,369,524,660,0,0,0,1,5,9,32,34,8,1,0,0,5,5,9,17,27,30,31,31,28,21,10,4,49,30,18,5,1,0,0,0,1,3,38,59,0,0,34,62,95,111,130,111,64,29,10,0,0,0,0,0,27,35,87,66,10,0,0,0,82,76,70,64,63,64,60,60,64,72,83,82,10.48,6.16,5.97,3.12,0.13,-0.57,-6.59,-6.38,-1.98,5.1,11.98,9.94
Twobit,Twobit Lw B,Larch_TWO,44012_Lw_B,44012,49.3667,-117.7333,750,Normal_1981_2010.nrm,7.4,18.4,-3.4,21.8,589,246,29.5,74.9,416,1892,3981,127,232,118,282,164,113,-24.9,37.2,688,314,14.5,71,-0.8,902,-0.6,12.8,24.4,11,-4,2.4,10.3,2.8,-2.3,7.6,17.3,6.9,167,159,137,126,6.3,17.7,22.7,11.3,326,29,0,61,30,361,1134,366,1825,969,167,1020,0,10,104,13,17,62,92,62,86,7,0,19,0,199,380,110,0,39,243,32,86,66,58,73,15.87,2.83,-19.76,0.26,-1.4,1.6,8.3,12.4,17.7,21.2,26.1,25.7,20.2,11.1,1.8,-2.1,-3.8,-3.3,-0.7,1.9,5.9,9,10.7,11,7.2,2.3,-1,-4.7,-2.6,-0.9,3.8,7.1,11.8,15.1,18.4,18.4,13.7,6.7,0.4,-3.4,57,32,37,52,70,69,35,32,39,31,55,78,5,10.8,13.8,18,17.8,17,19.2,23,17,9.2,4.1,4,118,75,24,5,0,0,0,0,0,5,56,133,9,14,52,97,213,303,416,415,263,85,18,7,640,525,443,326,200,102,30,35,140,351,529,660,0,0,0,2,7,14,44,46,12,1,0,0,6,6,13,20,29,30,31,31,28,22,12,5,26,14,4,2,1,0,0,0,1,1,17,46,0,0,37,62,99,117,143,120,71,31,8,0,0,0,0,10,29,47,108,87,32,0,0,0,90,81,69,66,63,63,55,57,60,71,90,89,5.5,2.7,1.6,1.28,-0.05,-1.81,-9.07,-8.88,-4.55,-0.16,4.97,7.67
Twobit,Twobit Pl B,Lodgepole_TWO,44001_Pl_B,44001,49.8833,-118.1667,600,Normal_1981_2010.nrm,7.1,17.9,-2.7,20.6,693,281,24.7,63.9,394,1787,4037,99,217,131,273,142,122,-26.8,36.8,696,285,10.8,66,9.64,822,0.6,13,24.1,11.4,-4.8,1.2,9.4,2.2,-2.1,7.1,16.8,6.8,191,157,167,178,2.7,14.3,19.7,6.7,310,36,0,48,31,338,1086,332,1805,1010,194,1029,0,9,81,9,13,53,91,59,91,11,0,20,0,207,379,110,0,56,212,17,78,61,57,70,18.01,2.04,-16.1,5.69,-0.1,2.4,7.6,13.3,18.2,21.5,25.6,25.3,19.3,10.9,4,-0.4,-4.9,-4.6,-1.9,0.9,4.6,8.2,10.3,9.8,5.9,2,-1.3,-4.9,-2.5,-1.1,2.8,7.1,11.4,14.8,17.9,17.5,12.6,6.4,1.4,-2.7,71,44,42,54,62,75,47,46,51,56,70,76,2,5.8,9.9,14.1,14.9,14.4,17,18.7,12,5.2,0,1,116,78,31,5,0,0,0,0,0,6,42,115,9,13,41,95,202,294,402,389,229,80,23,9,637,531,472,329,210,109,37,48,169,360,500,637,0,0,0,2,6,12,36,33,8,1,0,0,5,4,9,17,27,30,31,31,27,21,11,4,32,20,8,2,1,0,0,0,1,2,17,38,0,0,36,67,104,120,140,119,69,30,11,0,0,0,0,14,42,45,93,73,17,0,0,0,80,73,67,60,58,60,55,55,59,70,80,81,6.87,3.82,2.38,0.99,-1.32,-1.53,-7.31,-7.26,-2.85,2.44,6.09,7.32
Twobit,Twobit Py B,Ponderosa_TWO,35694_Py_B,35649,49.3833,-117.95,600,Normal_1981_2010.nrm,8.3,19.4,-2.3,21.7,649,233,28.1,83.5,333,1999,3709,175,238,119,283,164,101,-24.3,38.4,744,365,10,68,-0.69,1025,1.1,14,25.5,12.3,-3.6,2.7,10.9,3.1,-1.3,8.4,18.2,7.7,195,151,139,164,2.3,13.2,18.4,6.3,265,24,0,44,13,378,1215,394,1732,900,127,949,0,13,147,15,19,64,92,64,77,6,0,18,15,214,397,117,0,72,258,35,81,63,57,70,18.12,0.03,-21.65,2.81,0.1,3.4,8.8,14.3,19,22.6,27.1,26.9,21.1,12.1,3.8,-0.3,-3.6,-2.9,-0.3,2.4,6,9.4,11.8,11.4,7.4,2.7,-0.8,-4.2,-1.7,0.2,4.2,8.3,12.5,16,19.4,19.2,14.2,7.4,1.5,-2.3,70,47,46,50,55,69,37,33,39,50,75,79,0.9,5.5,9.2,13.4,13.3,13.1,15.6,17.3,11.7,3.9,-0.1,1.4,99,58,21,3,0,0,0,0,0,4,40,107,4,6,32,109,237,329,448,439,278,101,15,3,613,494,430,291,180,82,19,25,127,328,494,626,0,0,1,3,9,21,65,61,14,1,0,0,7,7,14,21,29,30,31,31,29,23,13,5,26,14,4,1,0,0,0,0,0,1,17,37,0,15,38,70,106,125,147,125,74,33,11,0,0,0,0,20,51,56,110,92,35,0,0,0,85,76,69,62,60,60,56,55,58,69,83,84,6.62,3.86,2.38,-0.09,-2.26,-2.73,-9.29,-9.62,-5.02,1.26,6.58,7.63
Twobit,Twobit B,Twobit B class Fd,19905_Fd_B,19905,49.7833,-116.9333,610,Normal_1981_2010.nrm,8.2,18.9,-1.9,20.8,793,253,22.9,74.6,298,1989,3716,143,241,122,283,161,114,-23.7,37.3,710,306,11,69,18.06,945,1.7,13.5,24.5,12.1,-3.2,2.4,10.8,3.5,-0.8,7.9,17.7,7.8,256,171,148,218,3.4,14.4,19.3,6.9,238,26,0,34,46,388,1167,388,1687,937,150,942,0,11,120,12,21,62,92,67,87,8,0,19,16,207,376,110,0,61,228,17,81,64,59,72,23.9,2.93,-17.98,9.22,0.9,4.3,8.7,13.5,18.4,21.7,26.1,25.8,19.8,11.6,4.8,-0.2,-3.3,-2.6,-0.6,1.9,5.7,9.3,11.7,11.4,7.4,2.9,0.3,-3.6,-1.2,0.8,4.1,7.7,12,15.5,18.9,18.6,13.6,7.2,2.5,-1.9,99,66,62,55,54,62,40,46,52,63,103,90,2.4,7.2,10.2,15.6,16.7,16.3,16.9,18.2,12.2,5.2,1.7,1.5,90,50,22,4,0,0,0,0,0,4,29,98,14,22,56,109,223,314,431,422,259,96,32,11,598,477,434,309,193,93,25,32,143,335,464,613,0,0,1,2,8,17,53,50,11,1,0,0,7,7,13,20,28,30,31,31,28,23,15,6,33,16,6,2,0,0,0,0,1,1,17,38,0,16,38,67,103,119,140,118,68,31,11,0,0,0,0,12,49,57,100,72,17,0,0,0,83,74,68,63,60,62,58,58,61,71,84,86,9.5,5.67,4.01,0.99,-2.07,-2.7,-8.06,-7.21,-2.85,2.84,9.23,8.73
Venables,Venables Future,Venables future Fd,53751_Fd_B,53751,50.4888,-120.3292,600,Normal_1981_2010.nrm,7.3,18.6,-4.3,23,358,182,48.4,102.3,468,1863,4003,132,209,125,270,146,60,-31.7,38.3,732,471,11.6,62,-30.38,929,0.6,14.2,25.4,12.5,-6.9,1.6,9.7,1.5,-3.1,7.9,17.5,7,78,77,110,93,3.1,15.2,20.8,7.5,386,29,0,52,6,354,1156,346,1900,940,151,1012,0,12,110,11,7,56,91,54,47,3,0,9,0,217,398,117,0,140,288,43,70,59,54,64,6.93,-7.66,-25.2,-4.45,-0.3,3.3,9,14.5,19.2,22.9,26.7,26.6,20.5,12.3,4.7,-1.1,-7.7,-5.2,-1.9,1.3,5.5,8.8,10.5,9.6,5.8,1.5,-2.8,-7.6,-4,-1,3.5,7.9,12.3,15.9,18.6,18.1,13.1,6.9,1,-4.3,27,19,17,24,37,47,32,32,35,27,31,33,2.4,7.2,10.2,14.7,18.8,16.7,19.8,18.6,12.6,7.5,1.2,1.5,153,76,26,4,0,0,0,0,0,5,47,157,1,4,25,98,231,326,423,407,245,89,12,1,684,527,451,304,186,84,28,38,155,346,511,689,0,0,0,2,9,20,47,42,9,1,0,0,2,3,9,18,28,30,31,31,27,19,8,2,16,8,2,1,0,0,0,0,1,1,8,22,0,0,39,71,107,127,146,125,72,33,12,0,0,0,22,48,70,80,114,93,37,6,0,0,69,67,63,58,58,58,53,51,55,65,72,73,2.57,1.18,-0.56,-2.8,-4.3,-5.35,-9.85,-10,-5.37,-1.14,2.05,3.18
Venables ,Venables B,Venables B class Fd,46129_Fd_B,46129,50.5833,-121.4167,1280,Normal_1981_2010.nrm,4.2,15,-6.2,21.1,378,168,37.6,89,736,1179,5032,28,175,142,268,125,123,-34.2,33.1,530,312,12.5,67,-5.58,458,-1.5,9.1,19.7,8.4,-8.6,-1.2,7.8,-0.2,-5,4,13.8,4.1,96,78,101,103,4.2,15.9,21.7,8.1,523,88,0,125,3,151,805,220,2070,1295,402,1265,0,3,21,4,4,36,90,44,74,20,1,28,0,137,310,83,0,78,209,25,70,64,63,70,9.4,-0.81,-15.31,1.14,-1.9,0.3,4.2,9.2,14,17.3,21.1,20.9,15.9,8.6,0.7,-2.9,-8.5,-7.7,-5,-1.4,2.7,5.8,8.8,8.9,5.1,-0.1,-5.5,-9.4,-5.2,-3.7,-0.4,3.9,8.3,11.5,15,14.9,10.5,4.3,-2.4,-6.2,34,22,19,23,36,38,35,28,31,32,40,40,3.4,9.5,11,16.5,21.5,20.8,21.5,18.8,14.8,8.5,2.6,2.6,184,131,71,16,1,0,0,0,1,13,111,208,1,1,6,30,115,197,305,304,170,46,4,1,720,604,571,423,300,195,102,105,227,427,611,746,0,0,0,1,2,3,8,10,4,0,0,0,2,1,4,10,23,28,31,31,26,14,4,1,24,16,12,6,2,0,0,0,1,4,23,33,0,0,0,54,84,100,114,96,56,26,0,0,0,0,0,30,48,62,79,68,25,0,0,0,72,67,65,64,64,64,63,63,65,70,75,72,3.44,1.96,1,-0.22,-1.59,-3.39,-5.69,-6.23,-3.34,0.85,3.62,4